<?xml version="1.0" encoding="UTF-8"?>
<addons>
<addon id="plugin.video.scyden" version="2.0.3a" name="Scyden" provider-name="qui'N!">
	<requires>
		<import addon="xbmc.python" version="2.19.0" />
		<import addon="script.module.scyden" />
		<import addon="script.scyden.artwork" />
		<import addon="script.scyden.metadata" />
		<import addon="script.module.resolveurl" />
		<import addon="script.module.requests" />
<!--		<import addon="script.module.lambdascrapers" />-->
		<import addon="script.module.openscrapers" />
		<import addon="script.module.metahandler" version="1.0.0" />
	</requires>
	<extension point="xbmc.python.pluginsource" library="default.py">
		<provides>video</provides>
	</extension>
	<extension point="xbmc.service" library="service.py" start="startup" />
	<extension point="xbmc.addon.metadata">
		<summary lang="en">Scyden</summary>
		<description lang="en">[B]Scyden[/B][CR] [B]***OpenScrapers Edition***[/B][CR][CR]This addon does not form part of the Kodi Media Centre. Please do not seek assistance with this addon from any of the Official Kodi Support Channels.[CR][CR]The author does not host any of the content in this addon and takes no responsibility for content found.</description>
		<disclaimer lang="en">The author of this addon do not host any of the content which is found and have no affiliation with any of the content providers. This addon simply searches websites for content. Use at your own risk!</disclaimer>
		<platform>all</platform>
		<license>GNU GENERAL PUBLIC LICENSE. Version 3, 29 June 2007</license>
		<assets>
			<icon>icon.png</icon>
			<fanart>fanart.jpg</fanart>
    			<screenshot></screenshot>
		</assets>
		<news></news>
	</extension>
</addon>

<addon id="repository.scyden" name="Scyden Repo" version="0.0.9" provider-name="qui'N!">
    <extension point="xbmc.addon.repository" name="Scyden Repo">
    <dir>
        <info compressed="false">https://raw.githubusercontent.com/realquinn/zips/master/addons.xml</info>
        <checksum>https://raw.githubusercontent.com/realquinn/zips/master/addons.xml.md5</checksum>
        <datadir zip="true">https://raw.githubusercontent.com/realquinn/zips/master/</datadir>
    </dir>
    <dir>
        <info compressed="false">https://raw.githubusercontent.com/a4k-openproject/repository.openscrapers/master/zips/addons.xml</info>
        <checksum>https://raw.githubusercontent.com/a4k-openproject/repository.openscrapers/master/zips/addons.xml.md5</checksum>
        <datadir zip="true">https://raw.githubusercontent.com/a4k-openproject/repository.openscrapers/master/zips/</datadir>
    </dir>
    <dir>
        <info compressed="false">https://raw.githubusercontent.com/jsergio123/zips/master/addons.xml</info>
        <checksum>https://raw.githubusercontent.com/jsergio123/zips/master/addons.xml.md5</checksum>
        <datadir zip="true">https://raw.githubusercontent.com/jsergio123/zips/master/</datadir>
    </dir>
    <dir>
        <info compressed="false">https://raw.githubusercontent.com/123Venom/zips/master/addons.xml</info>
        <checksum>https://raw.githubusercontent.com/123Venom/zips/master/addons.xml.md5</checksum>
        <datadir zip="true">https://raw.githubusercontent.com/123Venom/zips/master/</datadir>
    </dir>
    </extension>
    <extension point="xbmc.addon.metadata">
        <summary lang="en">Scyden is a educational add-on. We do not host any of the contents streamed.</summary>
        <description lang="en"></description>
        <platform>all</platform>
    </extension>
</addon>

<addon id="script.scyden.artwork" version="1.0.2" name="Scyden Artwork" provider-name="qui'N!">
	<requires>
		<import addon="xbmc.python" version="2.19.0"/>
	</requires>
	<extension point="xbmc.python.module" library="lib" />
	<extension point="xbmc.addon.metadata">
		<summary>Themes for the Scyden Addon</summary>
		<description></description>
		<platform>all</platform>
	</extension>
</addon>

<addon id="script.scyden.metadata" version="1.0.2" name="Scyden Metadata" provider-name="qui'N!">
	<requires>
		<import addon="xbmc.python" version="2.19.0"/>
	</requires>
	<extension point="xbmc.python.module" library="lib" />
	<extension point="xbmc.addon.metadata">
		<summary>Metadata for the Scyden Addon</summary>
		<description>Metadata for Scyden are maintained separately to make distribution of the the addon itself easier/faster.</description>
		<platform>all</platform>
	</extension>
</addon>

<addon id="script.module.beautifulsoup4" name="BeautifulSoup4" version="4.5.3" provider-name="Leonard Richardson (leonardr@segfault.org)">
	<requires>
		<import addon="xbmc.python" version="2.25.0"/>
	</requires>
  <extension point="xbmc.python.module"
             library="lib" />
  <extension point="xbmc.addon.metadata">
    <summary>HTML/XML parser for quick-turnaround applications like screen-scraping</summary>
    <description>Beautiful Soup parses arbitrarily invalid SGML and provides a variety of methods and Pythonic idioms for iterating and searching the parse tree.</description>
    <license>BSD</license>
    <platform>all</platform>
    <website>http://www.crummy.com/software/BeautifulSoup/</website>
  </extension>
</addon>

<addon id="script.module.scyden" name="Scyden Module" version="2.0.5" provider-name="qui'N!">
	<requires>
		<import addon="xbmc.python" version="2.1.0" />
		<import addon="script.module.beautifulsoup4"/>
	</requires>
	<extension point="xbmc.python.module" library="lib" />
	<extension point="xbmc.addon.metadata">
		<platform>all</platform>
		<summary lang="en">Scyden</summary>
	</extension>
</addon>

<addon id="script.module.lambdascrapers" name="Lambdascrapers Module" version="2.0.0" provider-name="qui'N!">
    <requires>
        <import addon="xbmc.python" version="2.1.0" />
        <import addon="script.module.beautifulsoup4"/>
    </requires>
    <extension point="xbmc.python.module" library="lib" />
    <extension point="xbmc.python.pluginsource" library="lib/default.py">
        <provides>executable</provides>
    </extension>
        <extension point="xbmc.addon.metadata">
            <platform>all</platform>
            <summary lang="en">Lambdascrapers Module</summary>
            <description>Scrape common video host for URL's to be playable in XBMC/Kodi, simplifying addon development of video plugins requiring multi video hosts.</description>
                <disclaimer lang="en">The author is not responsible for the use of this addon. The author is not responsible for the content found using this addon. The author does not host or own any content found within this addon.[CR]The author is in no way affiliated with Kodi, Team Kodi, or the XBMC Foundation.[CR]This is a Non-profit resource, organized solely for educational purposes which is protected under the Fair-Use doctrine of the Copyright Act, Specifically section 107, which does promote freedom of expression, by permitting the unlicensed use of copyright-protected works.</disclaimer>
    <platform>all</platform>
    <license>GNU GENERAL PUBLIC LICENSE. Version 3, 29 June 2007</license>
    <assets>
        <icon>icon.png</icon>
        <fanart></fanart>
    </assets>
    <news></news>
    </extension>
</addon>
</addons>
